"","iteration","n","type","err"
"1",1,500,"ols_global",0.0684538803836155
"2",1,500,"Huber_global",0.0276886765720816
"3",1,500,"Huber_distr_dc",0.0537886530444076
"4",1,1000,"ols_global",0.0658345753100238
"5",1,1000,"Huber_global",0.0233812563441981
"6",1,1000,"Huber_distr_dc",0.0239453489063163
"7",1,2500,"ols_global",0.0681515609881449
"8",1,2500,"Huber_global",0.0301076815329634
"9",1,2500,"Huber_distr_dc",0.03028608664425
"10",1,5000,"ols_global",0.0551801274965612
"11",1,5000,"Huber_global",0.0231881078519974
"12",1,5000,"Huber_distr_dc",0.0231390423831343
"13",1,10000,"ols_global",0.0696443454396164
"14",1,10000,"Huber_global",0.0285522841426557
"15",1,10000,"Huber_distr_dc",0.028563836667636
"16",2,500,"ols_global",0.0666238102679852
"17",2,500,"Huber_global",0.0200215249874434
"18",2,500,"Huber_distr_dc",0.0561556562330829
"19",2,1000,"ols_global",0.0667412539515904
"20",2,1000,"Huber_global",0.0231114821368997
"21",2,1000,"Huber_distr_dc",0.0282967120153834
"22",2,2500,"ols_global",0.0581544330791375
"23",2,2500,"Huber_global",0.0286647242827315
"24",2,2500,"Huber_distr_dc",0.0288252918325161
"25",2,5000,"ols_global",0.0609701126017692
"26",2,5000,"Huber_global",0.0249178366232936
"27",2,5000,"Huber_distr_dc",0.0248831464843597
"28",2,10000,"ols_global",0.0557788308571699
"29",2,10000,"Huber_global",0.0229879498207998
"30",2,10000,"Huber_distr_dc",0.0230157290720054
"31",3,500,"ols_global",0.0491219701619598
"32",3,500,"Huber_global",0.0232496102604861
"33",3,500,"Huber_distr_dc",0.0359881670612736
"34",3,1000,"ols_global",0.0595985669243669
"35",3,1000,"Huber_global",0.0232626368079529
"36",3,1000,"Huber_distr_dc",0.0279674497241131
"37",3,2500,"ols_global",0.0633707657047018
"38",3,2500,"Huber_global",0.0253132311045781
"39",3,2500,"Huber_distr_dc",0.0253522409168325
"40",3,5000,"ols_global",0.0593219510810557
"41",3,5000,"Huber_global",0.0206088227934747
"42",3,5000,"Huber_distr_dc",0.0205623651543461
"43",3,10000,"ols_global",0.0561442757218474
"44",3,10000,"Huber_global",0.0247888966296433
"45",3,10000,"Huber_distr_dc",0.0247778614422537
"46",4,500,"ols_global",0.0461916078815331
"47",4,500,"Huber_global",0.0218242454432267
"48",4,500,"Huber_distr_dc",0.0429201185536752
"49",4,1000,"ols_global",0.0572582370326308
"50",4,1000,"Huber_global",0.0209877663145951
"51",4,1000,"Huber_distr_dc",0.0234402502816202
"52",4,2500,"ols_global",0.0577716949389231
"53",4,2500,"Huber_global",0.0273254342567856
"54",4,2500,"Huber_distr_dc",0.0275090404179354
"55",4,5000,"ols_global",0.0641043383974823
"56",4,5000,"Huber_global",0.0261540814908561
"57",4,5000,"Huber_distr_dc",0.0262197320592575
"58",4,10000,"ols_global",0.0589706338191191
"59",4,10000,"Huber_global",0.0253652694072642
"60",4,10000,"Huber_distr_dc",0.0252751547470448
"61",5,500,"ols_global",0.0612901091088656
"62",5,500,"Huber_global",0.0246792368894889
"63",5,500,"Huber_distr_dc",0.0468609156224071
"64",5,1000,"ols_global",0.0577194404561761
"65",5,1000,"Huber_global",0.0271936908266497
"66",5,1000,"Huber_distr_dc",0.0312345862751858
"67",5,2500,"ols_global",0.063558682582055
"68",5,2500,"Huber_global",0.0219210751212641
"69",5,2500,"Huber_distr_dc",0.021911296374305
"70",5,5000,"ols_global",0.0614516649982566
"71",5,5000,"Huber_global",0.022505378990882
"72",5,5000,"Huber_distr_dc",0.0223563051909194
"73",5,10000,"ols_global",0.0622012885319923
"74",5,10000,"Huber_global",0.0240343723855907
"75",5,10000,"Huber_distr_dc",0.0240602538726666
"76",6,500,"ols_global",0.0482561426279509
"77",6,500,"Huber_global",0.02240705738529
"78",6,500,"Huber_distr_dc",0.0510936609470625
"79",6,1000,"ols_global",0.0544917683897972
"80",6,1000,"Huber_global",0.0223792889626204
"81",6,1000,"Huber_distr_dc",0.0244918075540901
"82",6,2500,"ols_global",0.0511339048881838
"83",6,2500,"Huber_global",0.0209772038808224
"84",6,2500,"Huber_distr_dc",0.0211830591949287
"85",6,5000,"ols_global",0.0533424612364243
"86",6,5000,"Huber_global",0.0222369638905946
"87",6,5000,"Huber_distr_dc",0.0223014977058051
"88",6,10000,"ols_global",0.062731177537643
"89",6,10000,"Huber_global",0.0230161494211904
"90",6,10000,"Huber_distr_dc",0.022993730102057
"91",7,500,"ols_global",0.0612231222239286
"92",7,500,"Huber_global",0.0295631322202601
"93",7,500,"Huber_distr_dc",0.0593015945219891
"94",7,1000,"ols_global",0.0504706371344783
"95",7,1000,"Huber_global",0.0224225673507563
"96",7,1000,"Huber_distr_dc",0.0252183499218022
"97",7,2500,"ols_global",0.0580295761699143
"98",7,2500,"Huber_global",0.026446188883986
"99",7,2500,"Huber_distr_dc",0.0263454740928096
"100",7,5000,"ols_global",0.0557065203617081
"101",7,5000,"Huber_global",0.0227728802306717
"102",7,5000,"Huber_distr_dc",0.022729514856351
"103",7,10000,"ols_global",0.058489475690461
"104",7,10000,"Huber_global",0.028329321024799
"105",7,10000,"Huber_distr_dc",0.0282597352931748
"106",8,500,"ols_global",0.0591220285933888
"107",8,500,"Huber_global",0.0257020796183206
"108",8,500,"Huber_distr_dc",0.0613316152131144
"109",8,1000,"ols_global",0.0628921462047149
"110",8,1000,"Huber_global",0.024436034588671
"111",8,1000,"Huber_distr_dc",0.0287659121214264
"112",8,2500,"ols_global",0.0540665880644408
"113",8,2500,"Huber_global",0.0228489747203909
"114",8,2500,"Huber_distr_dc",0.0242449958680934
"115",8,5000,"ols_global",0.0573186749846646
"116",8,5000,"Huber_global",0.0236140351307709
"117",8,5000,"Huber_distr_dc",0.0235701690871299
"118",8,10000,"ols_global",0.0499481223931663
"119",8,10000,"Huber_global",0.0228837710453973
"120",8,10000,"Huber_distr_dc",0.0228757316491201
"121",9,500,"ols_global",0.0575326282752791
"122",9,500,"Huber_global",0.0214429034517121
"123",9,500,"Huber_distr_dc",0.0619671399408551
"124",9,1000,"ols_global",0.0662640320694583
"125",9,1000,"Huber_global",0.0285089107759097
"126",9,1000,"Huber_distr_dc",0.0318547888731332
"127",9,2500,"ols_global",0.0528540302292204
"128",9,2500,"Huber_global",0.0220345870938781
"129",9,2500,"Huber_distr_dc",0.0220652573360798
"130",9,5000,"ols_global",0.043553889103946
"131",9,5000,"Huber_global",0.0233831799507998
"132",9,5000,"Huber_distr_dc",0.0233885840912981
"133",9,10000,"ols_global",0.0599057999257202
"134",9,10000,"Huber_global",0.0256371492975518
"135",9,10000,"Huber_distr_dc",0.0257463181938508
"136",10,500,"ols_global",0.0619430902706963
"137",10,500,"Huber_global",0.0258533256058661
"138",10,500,"Huber_distr_dc",0.0533353942993528
"139",10,1000,"ols_global",0.0566405919454332
"140",10,1000,"Huber_global",0.0211511583361739
"141",10,1000,"Huber_distr_dc",0.025877701717745
"142",10,2500,"ols_global",0.0671754015298287
"143",10,2500,"Huber_global",0.0267966959591273
"144",10,2500,"Huber_distr_dc",0.0273299858682797
"145",10,5000,"ols_global",0.0604536813601387
"146",10,5000,"Huber_global",0.0235584883853554
"147",10,5000,"Huber_distr_dc",0.023526990203524
"148",10,10000,"ols_global",0.0560630622672476
"149",10,10000,"Huber_global",0.0255583511851387
"150",10,10000,"Huber_distr_dc",0.0256392380682495
"151",11,500,"ols_global",0.056244750177991
"152",11,500,"Huber_global",0.0232928449222468
"153",11,500,"Huber_distr_dc",0.0502029224561046
"154",11,1000,"ols_global",0.0695901963230731
"155",11,1000,"Huber_global",0.0215288590384108
"156",11,1000,"Huber_distr_dc",0.0219222364980135
"157",11,2500,"ols_global",0.0586126956930204
"158",11,2500,"Huber_global",0.0217807341958166
"159",11,2500,"Huber_distr_dc",0.021815379309393
"160",11,5000,"ols_global",0.0540743560672509
"161",11,5000,"Huber_global",0.0225628778657389
"162",11,5000,"Huber_distr_dc",0.0225600050389765
"163",11,10000,"ols_global",0.0508230511343271
"164",11,10000,"Huber_global",0.0230105117889435
"165",11,10000,"Huber_distr_dc",0.0229851372407269
"166",12,500,"ols_global",0.0684798928784728
"167",12,500,"Huber_global",0.0229872060435432
"168",12,500,"Huber_distr_dc",0.0486002434655693
"169",12,1000,"ols_global",0.0607936294466776
"170",12,1000,"Huber_global",0.0253948857219392
"171",12,1000,"Huber_distr_dc",0.0259602132408035
"172",12,2500,"ols_global",0.0607912752129987
"173",12,2500,"Huber_global",0.0235947166590799
"174",12,2500,"Huber_distr_dc",0.0239656312539998
"175",12,5000,"ols_global",0.0606726804519351
"176",12,5000,"Huber_global",0.0262874717803074
"177",12,5000,"Huber_distr_dc",0.0265111855576348
"178",12,10000,"ols_global",0.0540763854852759
"179",12,10000,"Huber_global",0.0260266239336464
"180",12,10000,"Huber_distr_dc",0.0260484646958739
"181",13,500,"ols_global",0.0632074439229032
"182",13,500,"Huber_global",0.0239594489060543
"183",13,500,"Huber_distr_dc",0.0537950227838516
"184",13,1000,"ols_global",0.0556963869332907
"185",13,1000,"Huber_global",0.0176674462094632
"186",13,1000,"Huber_distr_dc",0.0206252379414615
"187",13,2500,"ols_global",0.0568445198793421
"188",13,2500,"Huber_global",0.0253695656484908
"189",13,2500,"Huber_distr_dc",0.0257286863289303
"190",13,5000,"ols_global",0.0653872226745889
"191",13,5000,"Huber_global",0.0240646795369559
"192",13,5000,"Huber_distr_dc",0.0240814426497129
"193",13,10000,"ols_global",0.0549953327914165
"194",13,10000,"Huber_global",0.0261935912584806
"195",13,10000,"Huber_distr_dc",0.0262200024777926
"196",14,500,"ols_global",0.0616394667618411
"197",14,500,"Huber_global",0.0247306772346274
"198",14,500,"Huber_distr_dc",0.0559905828922773
"199",14,1000,"ols_global",0.053858101008339
"200",14,1000,"Huber_global",0.0233288567007845
"201",14,1000,"Huber_distr_dc",0.0252019088239786
"202",14,2500,"ols_global",0.0671517042455348
"203",14,2500,"Huber_global",0.0238575218852404
"204",14,2500,"Huber_distr_dc",0.0237215959313513
"205",14,5000,"ols_global",0.0578544667507368
"206",14,5000,"Huber_global",0.0263096476961667
"207",14,5000,"Huber_distr_dc",0.0262682012202133
"208",14,10000,"ols_global",0.0605226807311488
"209",14,10000,"Huber_global",0.0270639011136263
"210",14,10000,"Huber_distr_dc",0.0270195352192066
"211",15,500,"ols_global",0.0584723703599098
"212",15,500,"Huber_global",0.0235477661954179
"213",15,500,"Huber_distr_dc",0.0432663298680635
"214",15,1000,"ols_global",0.0668908897354644
"215",15,1000,"Huber_global",0.0192062528502249
"216",15,1000,"Huber_distr_dc",0.0209023679023455
"217",15,2500,"ols_global",0.0605486068231362
"218",15,2500,"Huber_global",0.0238262728361235
"219",15,2500,"Huber_distr_dc",0.0237217167586989
"220",15,5000,"ols_global",0.0560530714306511
"221",15,5000,"Huber_global",0.0243449336384278
"222",15,5000,"Huber_distr_dc",0.0244888120215504
"223",15,10000,"ols_global",0.0620015836990263
"224",15,10000,"Huber_global",0.0236848657427069
"225",15,10000,"Huber_distr_dc",0.023716700251642
"226",16,500,"ols_global",0.0427354941982544
"227",16,500,"Huber_global",0.0226638228118838
"228",16,500,"Huber_distr_dc",0.0683982416340197
"229",16,1000,"ols_global",0.0538052181770818
"230",16,1000,"Huber_global",0.0256465900305729
"231",16,1000,"Huber_distr_dc",0.0292238593035544
"232",16,2500,"ols_global",0.0509135716293236
"233",16,2500,"Huber_global",0.0223100720464584
"234",16,2500,"Huber_distr_dc",0.0224180893120816
"235",16,5000,"ols_global",0.0600270258830497
"236",16,5000,"Huber_global",0.0221941350362397
"237",16,5000,"Huber_distr_dc",0.0221817295017428
"238",16,10000,"ols_global",0.0622666784348658
"239",16,10000,"Huber_global",0.0254401321057106
"240",16,10000,"Huber_distr_dc",0.0255594558733998
"241",17,500,"ols_global",0.0610104432004921
"242",17,500,"Huber_global",0.0216692366825041
"243",17,500,"Huber_distr_dc",0.0502018712576785
"244",17,1000,"ols_global",0.0678685415504529
"245",17,1000,"Huber_global",0.022964092138796
"246",17,1000,"Huber_distr_dc",0.0250426398133074
"247",17,2500,"ols_global",0.0547050567252019
"248",17,2500,"Huber_global",0.0250381580455062
"249",17,2500,"Huber_distr_dc",0.025204574602798
"250",17,5000,"ols_global",0.0528054510409126
"251",17,5000,"Huber_global",0.022685817931752
"252",17,5000,"Huber_distr_dc",0.0225778784584265
"253",17,10000,"ols_global",0.0654125246337352
"254",17,10000,"Huber_global",0.0207681893548139
"255",17,10000,"Huber_distr_dc",0.0207992481454151
"256",18,500,"ols_global",0.0527175368134199
"257",18,500,"Huber_global",0.0239361686802996
"258",18,500,"Huber_distr_dc",0.0488759816433084
"259",18,1000,"ols_global",0.0541019997871278
"260",18,1000,"Huber_global",0.0240019629780051
"261",18,1000,"Huber_distr_dc",0.0312876672287707
"262",18,2500,"ols_global",0.0628527723141063
"263",18,2500,"Huber_global",0.0221076392479398
"264",18,2500,"Huber_distr_dc",0.0222030008020757
"265",18,5000,"ols_global",0.0554401707769571
"266",18,5000,"Huber_global",0.0225575084680616
"267",18,5000,"Huber_distr_dc",0.022589709643065
"268",18,10000,"ols_global",0.0630363899462898
"269",18,10000,"Huber_global",0.0250760320200239
"270",18,10000,"Huber_distr_dc",0.0250627810724703
"271",19,500,"ols_global",0.064622170177828
"272",19,500,"Huber_global",0.024821186934603
"273",19,500,"Huber_distr_dc",0.0435817828481273
"274",19,1000,"ols_global",0.0532044710321146
"275",19,1000,"Huber_global",0.0233399021720777
"276",19,1000,"Huber_distr_dc",0.0251358999974387
"277",19,2500,"ols_global",0.0533242190853016
"278",19,2500,"Huber_global",0.025914150707085
"279",19,2500,"Huber_distr_dc",0.0261234892309725
"280",19,5000,"ols_global",0.0469940989672341
"281",19,5000,"Huber_global",0.021389310602551
"282",19,5000,"Huber_distr_dc",0.0213544302040259
"283",19,10000,"ols_global",0.0424439418326618
"284",19,10000,"Huber_global",0.0182181107721131
"285",19,10000,"Huber_distr_dc",0.0182996338432004
"286",20,500,"ols_global",0.0450612499213748
"287",20,500,"Huber_global",0.0218652236876663
"288",20,500,"Huber_distr_dc",0.0475249374157935
"289",20,1000,"ols_global",0.0604218806989166
"290",20,1000,"Huber_global",0.0233667412318821
"291",20,1000,"Huber_distr_dc",0.0235565794672633
"292",20,2500,"ols_global",0.0533528543938778
"293",20,2500,"Huber_global",0.0200857836776137
"294",20,2500,"Huber_distr_dc",0.0201063949467902
"295",20,5000,"ols_global",0.0489788238203816
"296",20,5000,"Huber_global",0.0242318062119955
"297",20,5000,"Huber_distr_dc",0.0242550988741147
"298",20,10000,"ols_global",0.0629240440120658
"299",20,10000,"Huber_global",0.0235494283835758
"300",20,10000,"Huber_distr_dc",0.023581554916441
"301",21,500,"ols_global",0.0533746678453137
"302",21,500,"Huber_global",0.0200995178782795
"303",21,500,"Huber_distr_dc",0.042364642944266
"304",21,1000,"ols_global",0.0694207817353726
"305",21,1000,"Huber_global",0.0224970373038185
"306",21,1000,"Huber_distr_dc",0.0316027833087758
"307",21,2500,"ols_global",0.0556313623393073
"308",21,2500,"Huber_global",0.0228848567370239
"309",21,2500,"Huber_distr_dc",0.0229757050117405
"310",21,5000,"ols_global",0.0515492188985551
"311",21,5000,"Huber_global",0.0196622413430602
"312",21,5000,"Huber_distr_dc",0.0196047724233719
"313",21,10000,"ols_global",0.0621803213332754
"314",21,10000,"Huber_global",0.0224114607119643
"315",21,10000,"Huber_distr_dc",0.0224278517584895
"316",22,500,"ols_global",0.0590267481332042
"317",22,500,"Huber_global",0.024637553392207
"318",22,500,"Huber_distr_dc",0.0634374214176022
"319",22,1000,"ols_global",0.068019518051722
"320",22,1000,"Huber_global",0.0249699888784101
"321",22,1000,"Huber_distr_dc",0.0255445026817593
"322",22,2500,"ols_global",0.0567807010522356
"323",22,2500,"Huber_global",0.0215485635157885
"324",22,2500,"Huber_distr_dc",0.0216061559312402
"325",22,5000,"ols_global",0.0575414613271569
"326",22,5000,"Huber_global",0.0245096168433532
"327",22,5000,"Huber_distr_dc",0.0246425708852856
"328",22,10000,"ols_global",0.0576671638708428
"329",22,10000,"Huber_global",0.0219003338384958
"330",22,10000,"Huber_distr_dc",0.021915516061776
"331",23,500,"ols_global",0.0545876343967512
"332",23,500,"Huber_global",0.0230850568605518
"333",23,500,"Huber_distr_dc",0.043141462715375
"334",23,1000,"ols_global",0.0543648504435327
"335",23,1000,"Huber_global",0.0193567543713376
"336",23,1000,"Huber_distr_dc",0.0237297189792725
"337",23,2500,"ols_global",0.0656935849679417
"338",23,2500,"Huber_global",0.0277570121797536
"339",23,2500,"Huber_distr_dc",0.0274620780295739
"340",23,5000,"ols_global",0.0710246821962485
"341",23,5000,"Huber_global",0.0235376393903989
"342",23,5000,"Huber_distr_dc",0.0235097074002218
"343",23,10000,"ols_global",0.0559773158075514
"344",23,10000,"Huber_global",0.0235715787624845
"345",23,10000,"Huber_distr_dc",0.0235319523478446
"346",24,500,"ols_global",0.0619935406943637
"347",24,500,"Huber_global",0.0190731212277935
"348",24,500,"Huber_distr_dc",0.0465105344152959
"349",24,1000,"ols_global",0.0599467290678792
"350",24,1000,"Huber_global",0.0255152744973742
"351",24,1000,"Huber_distr_dc",0.0251952020381858
"352",24,2500,"ols_global",0.0589117434791883
"353",24,2500,"Huber_global",0.0264055029069495
"354",24,2500,"Huber_distr_dc",0.0265722816888191
"355",24,5000,"ols_global",0.0686888012164034
"356",24,5000,"Huber_global",0.0265453368147517
"357",24,5000,"Huber_distr_dc",0.02653333393704
"358",24,10000,"ols_global",0.0672695888106753
"359",24,10000,"Huber_global",0.0202181199626652
"360",24,10000,"Huber_distr_dc",0.020235979959136
"361",25,500,"ols_global",0.0550344375610574
"362",25,500,"Huber_global",0.0253656397399729
"363",25,500,"Huber_distr_dc",0.0486531592169679
"364",25,1000,"ols_global",0.0600947329287581
"365",25,1000,"Huber_global",0.0258520589362329
"366",25,1000,"Huber_distr_dc",0.0266299358583446
"367",25,2500,"ols_global",0.0628487498187763
"368",25,2500,"Huber_global",0.0197636760139013
"369",25,2500,"Huber_distr_dc",0.019813484752219
"370",25,5000,"ols_global",0.0517543466117931
"371",25,5000,"Huber_global",0.0218009675089077
"372",25,5000,"Huber_distr_dc",0.0218048158567214
"373",25,10000,"ols_global",0.0545350274368979
"374",25,10000,"Huber_global",0.0234516549768117
"375",25,10000,"Huber_distr_dc",0.0234371675792292
"376",26,500,"ols_global",0.0581696771567454
"377",26,500,"Huber_global",0.0252390651979923
"378",26,500,"Huber_distr_dc",0.0491081241238345
"379",26,1000,"ols_global",0.0551064105241842
"380",26,1000,"Huber_global",0.0249537241908507
"381",26,1000,"Huber_distr_dc",0.0255229816572209
"382",26,2500,"ols_global",0.0542287527959687
"383",26,2500,"Huber_global",0.0256330703816358
"384",26,2500,"Huber_distr_dc",0.0255078497273307
"385",26,5000,"ols_global",0.0564380354391706
"386",26,5000,"Huber_global",0.024073444016253
"387",26,5000,"Huber_distr_dc",0.0240087146993437
"388",26,10000,"ols_global",0.0623017054610676
"389",26,10000,"Huber_global",0.0248299861505572
"390",26,10000,"Huber_distr_dc",0.0248131341602244
"391",27,500,"ols_global",0.0654342020017076
"392",27,500,"Huber_global",0.026395825559637
"393",27,500,"Huber_distr_dc",0.0467271221078451
"394",27,1000,"ols_global",0.0600447308325318
"395",27,1000,"Huber_global",0.0246874234911693
"396",27,1000,"Huber_distr_dc",0.0257048822066585
"397",27,2500,"ols_global",0.0665620493376747
"398",27,2500,"Huber_global",0.0262653562368084
"399",27,2500,"Huber_distr_dc",0.0261497371558534
"400",27,5000,"ols_global",0.0621117614167799
"401",27,5000,"Huber_global",0.0276488627704599
"402",27,5000,"Huber_distr_dc",0.0277338661778511
"403",27,10000,"ols_global",0.0570558642539388
"404",27,10000,"Huber_global",0.0271518036872911
"405",27,10000,"Huber_distr_dc",0.0270689465623488
"406",28,500,"ols_global",0.0626911396224432
"407",28,500,"Huber_global",0.0237400892198465
"408",28,500,"Huber_distr_dc",0.0408285504559851
"409",28,1000,"ols_global",0.0563866514092083
"410",28,1000,"Huber_global",0.0259208693392661
"411",28,1000,"Huber_distr_dc",0.0278906794919988
"412",28,2500,"ols_global",0.0598521276572017
"413",28,2500,"Huber_global",0.0238342312321531
"414",28,2500,"Huber_distr_dc",0.023853159903275
"415",28,5000,"ols_global",0.0632008220323725
"416",28,5000,"Huber_global",0.0246004988308114
"417",28,5000,"Huber_distr_dc",0.0247323808561966
"418",28,10000,"ols_global",0.0535784568235616
"419",28,10000,"Huber_global",0.0235244174530033
"420",28,10000,"Huber_distr_dc",0.023703462605435
"421",29,500,"ols_global",0.0619305381380242
"422",29,500,"Huber_global",0.0237125726755308
"423",29,500,"Huber_distr_dc",0.0439743605095829
"424",29,1000,"ols_global",0.0650973056319555
"425",29,1000,"Huber_global",0.028141123672953
"426",29,1000,"Huber_distr_dc",0.0300534637595295
"427",29,2500,"ols_global",0.0636613881995968
"428",29,2500,"Huber_global",0.0215736526588971
"429",29,2500,"Huber_distr_dc",0.0219632949119206
"430",29,5000,"ols_global",0.0597296193975677
"431",29,5000,"Huber_global",0.0258717818815923
"432",29,5000,"Huber_distr_dc",0.0258376434209867
"433",29,10000,"ols_global",0.0547699475787634
"434",29,10000,"Huber_global",0.0256516022659074
"435",29,10000,"Huber_distr_dc",0.0256473146080319
"436",30,500,"ols_global",0.0481947964571386
"437",30,500,"Huber_global",0.0218812222761562
"438",30,500,"Huber_distr_dc",0.0640119848648576
"439",30,1000,"ols_global",0.0527339421496622
"440",30,1000,"Huber_global",0.0266713717725547
"441",30,1000,"Huber_distr_dc",0.0289219167671985
"442",30,2500,"ols_global",0.0554478490076838
"443",30,2500,"Huber_global",0.0237594002146938
"444",30,2500,"Huber_distr_dc",0.0237868279047262
"445",30,5000,"ols_global",0.0615715955702362
"446",30,5000,"Huber_global",0.0224115393068165
"447",30,5000,"Huber_distr_dc",0.0222111363582729
"448",30,10000,"ols_global",0.0682825949103999
"449",30,10000,"Huber_global",0.0305349005668795
"450",30,10000,"Huber_distr_dc",0.0305171328379205
"451",31,500,"ols_global",0.0674634007256188
"452",31,500,"Huber_global",0.024137128831245
"453",31,500,"Huber_distr_dc",0.0536765569742633
"454",31,1000,"ols_global",0.060321527426904
"455",31,1000,"Huber_global",0.0239947895106072
"456",31,1000,"Huber_distr_dc",0.0341555350622623
"457",31,2500,"ols_global",0.0651658540726318
"458",31,2500,"Huber_global",0.0263270342319958
"459",31,2500,"Huber_distr_dc",0.0263764648136764
"460",31,5000,"ols_global",0.051387572486934
"461",31,5000,"Huber_global",0.018950520189262
"462",31,5000,"Huber_distr_dc",0.0189778769248881
"463",31,10000,"ols_global",0.0546960209688294
"464",31,10000,"Huber_global",0.024189714389125
"465",31,10000,"Huber_distr_dc",0.0241677932795713
"466",32,500,"ols_global",0.0586386693122945
"467",32,500,"Huber_global",0.0249381566501446
"468",32,500,"Huber_distr_dc",0.0531064574230286
"469",32,1000,"ols_global",0.052268454650398
"470",32,1000,"Huber_global",0.02203645047361
"471",32,1000,"Huber_distr_dc",0.0279829510821362
"472",32,2500,"ols_global",0.0586024052513521
"473",32,2500,"Huber_global",0.0228972369616871
"474",32,2500,"Huber_distr_dc",0.0228391154508906
"475",32,5000,"ols_global",0.0610021840956185
"476",32,5000,"Huber_global",0.0203925477342399
"477",32,5000,"Huber_distr_dc",0.0203839603045375
"478",32,10000,"ols_global",0.0560535921182771
"479",32,10000,"Huber_global",0.0242852231798339
"480",32,10000,"Huber_distr_dc",0.0241505533576361
"481",33,500,"ols_global",0.0717636745817224
"482",33,500,"Huber_global",0.0289986951895932
"483",33,500,"Huber_distr_dc",0.0589515079852072
"484",33,1000,"ols_global",0.0682955547154006
"485",33,1000,"Huber_global",0.0267522989289843
"486",33,1000,"Huber_distr_dc",0.0262417005960254
"487",33,2500,"ols_global",0.0611578585572737
"488",33,2500,"Huber_global",0.0272449009527379
"489",33,2500,"Huber_distr_dc",0.0270280594389538
"490",33,5000,"ols_global",0.0561646242341766
"491",33,5000,"Huber_global",0.0202697914739297
"492",33,5000,"Huber_distr_dc",0.020481579841321
"493",33,10000,"ols_global",0.0698344096525011
"494",33,10000,"Huber_global",0.0249970203169891
"495",33,10000,"Huber_distr_dc",0.025055682604988
"496",34,500,"ols_global",0.0637639098059101
"497",34,500,"Huber_global",0.0235112136391078
"498",34,500,"Huber_distr_dc",0.0504397501719398
"499",34,1000,"ols_global",0.0576420806794817
"500",34,1000,"Huber_global",0.0225259875939333
"501",34,1000,"Huber_distr_dc",0.0288644922745992
"502",34,2500,"ols_global",0.0458986233324046
"503",34,2500,"Huber_global",0.0220373790009683
"504",34,2500,"Huber_distr_dc",0.0218873535802709
"505",34,5000,"ols_global",0.0545501097485821
"506",34,5000,"Huber_global",0.0231686101052104
"507",34,5000,"Huber_distr_dc",0.0230459893062557
"508",34,10000,"ols_global",0.0566780449230276
"509",34,10000,"Huber_global",0.0251784369109352
"510",34,10000,"Huber_distr_dc",0.0251836020166308
"511",35,500,"ols_global",0.0586296982654804
"512",35,500,"Huber_global",0.021423211533491
"513",35,500,"Huber_distr_dc",0.0581177559693163
"514",35,1000,"ols_global",0.0578294899467443
"515",35,1000,"Huber_global",0.0225963010511155
"516",35,1000,"Huber_distr_dc",0.0229181320486484
"517",35,2500,"ols_global",0.0660459139743871
"518",35,2500,"Huber_global",0.0246170079540425
"519",35,2500,"Huber_distr_dc",0.0249259404334769
"520",35,5000,"ols_global",0.0682348801174498
"521",35,5000,"Huber_global",0.0236410875134016
"522",35,5000,"Huber_distr_dc",0.0236207475847419
"523",35,10000,"ols_global",0.0549146457954319
"524",35,10000,"Huber_global",0.0206722348428965
"525",35,10000,"Huber_distr_dc",0.0206523011836223
"526",36,500,"ols_global",0.0594296549089878
"527",36,500,"Huber_global",0.0222990911663101
"528",36,500,"Huber_distr_dc",0.0510648873122826
"529",36,1000,"ols_global",0.0581654672357929
"530",36,1000,"Huber_global",0.0219941646500304
"531",36,1000,"Huber_distr_dc",0.0233788364552706
"532",36,2500,"ols_global",0.0611870567066604
"533",36,2500,"Huber_global",0.0212536912350191
"534",36,2500,"Huber_distr_dc",0.0213161366777714
"535",36,5000,"ols_global",0.0563903847015134
"536",36,5000,"Huber_global",0.0262886102584433
"537",36,5000,"Huber_distr_dc",0.0262733592397441
"538",36,10000,"ols_global",0.0563774166969641
"539",36,10000,"Huber_global",0.0227248317094595
"540",36,10000,"Huber_distr_dc",0.022682129787358
"541",37,500,"ols_global",0.0548104305908068
"542",37,500,"Huber_global",0.0256025879455505
"543",37,500,"Huber_distr_dc",0.0632502080449041
"544",37,1000,"ols_global",0.0584849294693943
"545",37,1000,"Huber_global",0.0220366471587588
"546",37,1000,"Huber_distr_dc",0.0223830848818618
"547",37,2500,"ols_global",0.0565907696350671
"548",37,2500,"Huber_global",0.0196587821971138
"549",37,2500,"Huber_distr_dc",0.0198093819834219
"550",37,5000,"ols_global",0.0680054733258773
"551",37,5000,"Huber_global",0.0269872743205036
"552",37,5000,"Huber_distr_dc",0.0271493120258185
"553",37,10000,"ols_global",0.0546007388865699
"554",37,10000,"Huber_global",0.0249258021664943
"555",37,10000,"Huber_distr_dc",0.0249132330893763
"556",38,500,"ols_global",0.0530878267326174
"557",38,500,"Huber_global",0.0243262916430304
"558",38,500,"Huber_distr_dc",0.0498704372632406
"559",38,1000,"ols_global",0.0567946254464946
"560",38,1000,"Huber_global",0.0239453067413363
"561",38,1000,"Huber_distr_dc",0.0257194332985017
"562",38,2500,"ols_global",0.0707799739712289
"563",38,2500,"Huber_global",0.0264248793976951
"564",38,2500,"Huber_distr_dc",0.0264059841030375
"565",38,5000,"ols_global",0.0544119693570815
"566",38,5000,"Huber_global",0.0236997425653269
"567",38,5000,"Huber_distr_dc",0.0237942517753939
"568",38,10000,"ols_global",0.0602176573475646
"569",38,10000,"Huber_global",0.0223274394470209
"570",38,10000,"Huber_distr_dc",0.0223350862818057
"571",39,500,"ols_global",0.0692838139948234
"572",39,500,"Huber_global",0.0221884376114059
"573",39,500,"Huber_distr_dc",0.0455695302503036
"574",39,1000,"ols_global",0.0509798778067665
"575",39,1000,"Huber_global",0.0181637887747995
"576",39,1000,"Huber_distr_dc",0.0200304700504119
"577",39,2500,"ols_global",0.0646239489140694
"578",39,2500,"Huber_global",0.026539980309694
"579",39,2500,"Huber_distr_dc",0.0267189687552107
"580",39,5000,"ols_global",0.057163852334323
"581",39,5000,"Huber_global",0.0225075395513942
"582",39,5000,"Huber_distr_dc",0.0224627979010429
"583",39,10000,"ols_global",0.0547622400249459
"584",39,10000,"Huber_global",0.0233708925579901
"585",39,10000,"Huber_distr_dc",0.0233639575217486
"586",40,500,"ols_global",0.0629601334738521
"587",40,500,"Huber_global",0.0229087573544367
"588",40,500,"Huber_distr_dc",0.0425546493931098
"589",40,1000,"ols_global",0.0503845132549135
"590",40,1000,"Huber_global",0.022057448200009
"591",40,1000,"Huber_distr_dc",0.0215937845762347
"592",40,2500,"ols_global",0.0570976945211246
"593",40,2500,"Huber_global",0.0212190382873635
"594",40,2500,"Huber_distr_dc",0.021121882246452
"595",40,5000,"ols_global",0.0604688407930214
"596",40,5000,"Huber_global",0.0282979975219993
"597",40,5000,"Huber_distr_dc",0.028493458950998
"598",40,10000,"ols_global",0.0566882207405645
"599",40,10000,"Huber_global",0.0232089149553651
"600",40,10000,"Huber_distr_dc",0.023168268846772
"601",41,500,"ols_global",0.0667842718232829
"602",41,500,"Huber_global",0.0253674014664401
"603",41,500,"Huber_distr_dc",0.0608200452285341
"604",41,1000,"ols_global",0.0546465942601492
"605",41,1000,"Huber_global",0.023812066724835
"606",41,1000,"Huber_distr_dc",0.0245677537323342
"607",41,2500,"ols_global",0.0653181087482326
"608",41,2500,"Huber_global",0.0250795797204713
"609",41,2500,"Huber_distr_dc",0.0248504053325313
"610",41,5000,"ols_global",0.0503646083736987
"611",41,5000,"Huber_global",0.0223130103488622
"612",41,5000,"Huber_distr_dc",0.0224712095906915
"613",41,10000,"ols_global",0.0622029454300033
"614",41,10000,"Huber_global",0.02909777541576
"615",41,10000,"Huber_distr_dc",0.0290825687024603
"616",42,500,"ols_global",0.0519856967456082
"617",42,500,"Huber_global",0.0228830180743974
"618",42,500,"Huber_distr_dc",0.051069848452343
"619",42,1000,"ols_global",0.0634556861835907
"620",42,1000,"Huber_global",0.0240898682883166
"621",42,1000,"Huber_distr_dc",0.0294886681617655
"622",42,2500,"ols_global",0.0643813982969845
"623",42,2500,"Huber_global",0.0228154832656671
"624",42,2500,"Huber_distr_dc",0.022785833125078
"625",42,5000,"ols_global",0.0625659886610527
"626",42,5000,"Huber_global",0.0239993038723717
"627",42,5000,"Huber_distr_dc",0.0240049552021691
"628",42,10000,"ols_global",0.0606525765045855
"629",42,10000,"Huber_global",0.0222427380654117
"630",42,10000,"Huber_distr_dc",0.0223568282627937
"631",43,500,"ols_global",0.0588189927365928
"632",43,500,"Huber_global",0.021319891257186
"633",43,500,"Huber_distr_dc",0.0480999262708367
"634",43,1000,"ols_global",0.0625396935637883
"635",43,1000,"Huber_global",0.0262682162862668
"636",43,1000,"Huber_distr_dc",0.027807622788208
"637",43,2500,"ols_global",0.0631774468441215
"638",43,2500,"Huber_global",0.0228424328991075
"639",43,2500,"Huber_distr_dc",0.0226693655757595
"640",43,5000,"ols_global",0.0661660062710525
"641",43,5000,"Huber_global",0.0249383654782599
"642",43,5000,"Huber_distr_dc",0.024954227988485
"643",43,10000,"ols_global",0.0625887738251642
"644",43,10000,"Huber_global",0.0215069465840487
"645",43,10000,"Huber_distr_dc",0.021500477655937
"646",44,500,"ols_global",0.0559101585838025
"647",44,500,"Huber_global",0.0256051771105967
"648",44,500,"Huber_distr_dc",0.0400460676061674
"649",44,1000,"ols_global",0.0552828083796099
"650",44,1000,"Huber_global",0.0212333743408773
"651",44,1000,"Huber_distr_dc",0.0214214755693493
"652",44,2500,"ols_global",0.0612572679109775
"653",44,2500,"Huber_global",0.0253087933193291
"654",44,2500,"Huber_distr_dc",0.0253398637412504
"655",44,5000,"ols_global",0.0737344752332011
"656",44,5000,"Huber_global",0.0237889773253117
"657",44,5000,"Huber_distr_dc",0.0237578466270921
"658",44,10000,"ols_global",0.0527903091640489
"659",44,10000,"Huber_global",0.0263053048013369
"660",44,10000,"Huber_distr_dc",0.0262528240220233
"661",45,500,"ols_global",0.0637989031508864
"662",45,500,"Huber_global",0.0279593536115665
"663",45,500,"Huber_distr_dc",0.0631818421333763
"664",45,1000,"ols_global",0.0570796509006743
"665",45,1000,"Huber_global",0.0199385832615872
"666",45,1000,"Huber_distr_dc",0.0195582062174735
"667",45,2500,"ols_global",0.0578050026468694
"668",45,2500,"Huber_global",0.022449461960561
"669",45,2500,"Huber_distr_dc",0.0225601986844275
"670",45,5000,"ols_global",0.0589049308995183
"671",45,5000,"Huber_global",0.0208624333544288
"672",45,5000,"Huber_distr_dc",0.0209017405456718
"673",45,10000,"ols_global",0.0636569990485655
"674",45,10000,"Huber_global",0.0246555112184447
"675",45,10000,"Huber_distr_dc",0.0247777769603377
"676",46,500,"ols_global",0.058399060079863
"677",46,500,"Huber_global",0.0213322526761022
"678",46,500,"Huber_distr_dc",0.0336656107320078
"679",46,1000,"ols_global",0.0553690815194242
"680",46,1000,"Huber_global",0.0259204392552439
"681",46,1000,"Huber_distr_dc",0.0279998885723356
"682",46,2500,"ols_global",0.0557232722172775
"683",46,2500,"Huber_global",0.023262595218058
"684",46,2500,"Huber_distr_dc",0.0233383164679556
"685",46,5000,"ols_global",0.0536369054522683
"686",46,5000,"Huber_global",0.0244912750492976
"687",46,5000,"Huber_distr_dc",0.0246195638027195
"688",46,10000,"ols_global",0.0565807811379886
"689",46,10000,"Huber_global",0.0265597250803645
"690",46,10000,"Huber_distr_dc",0.026575653300776
"691",47,500,"ols_global",0.0580991138266221
"692",47,500,"Huber_global",0.022440978837185
"693",47,500,"Huber_distr_dc",0.0502348694416923
"694",47,1000,"ols_global",0.0661726983823701
"695",47,1000,"Huber_global",0.0211512218288177
"696",47,1000,"Huber_distr_dc",0.0278405182535831
"697",47,2500,"ols_global",0.0684452428247012
"698",47,2500,"Huber_global",0.0222927893664629
"699",47,2500,"Huber_distr_dc",0.0223842138194263
"700",47,5000,"ols_global",0.0540889460989346
"701",47,5000,"Huber_global",0.0211455922394829
"702",47,5000,"Huber_distr_dc",0.0212127478008751
"703",47,10000,"ols_global",0.0624260688016303
"704",47,10000,"Huber_global",0.0218617519293029
"705",47,10000,"Huber_distr_dc",0.0220777037352777
"706",48,500,"ols_global",0.0624284468959499
"707",48,500,"Huber_global",0.0237425349530255
"708",48,500,"Huber_distr_dc",0.0462962074631804
"709",48,1000,"ols_global",0.04933063262432
"710",48,1000,"Huber_global",0.0202122335536943
"711",48,1000,"Huber_distr_dc",0.020350007460521
"712",48,2500,"ols_global",0.0632039775622531
"713",48,2500,"Huber_global",0.0261342317755126
"714",48,2500,"Huber_distr_dc",0.0260963719690113
"715",48,5000,"ols_global",0.0487988036346841
"716",48,5000,"Huber_global",0.0271405392260457
"717",48,5000,"Huber_distr_dc",0.0270102792978202
"718",48,10000,"ols_global",0.0502680531565347
"719",48,10000,"Huber_global",0.0230719052023436
"720",48,10000,"Huber_distr_dc",0.0229892778662509
"721",49,500,"ols_global",0.070316159668218
"722",49,500,"Huber_global",0.0256370071057656
"723",49,500,"Huber_distr_dc",0.0579356353571449
"724",49,1000,"ols_global",0.0616385270112376
"725",49,1000,"Huber_global",0.0274763227245554
"726",49,1000,"Huber_distr_dc",0.0361850481302961
"727",49,2500,"ols_global",0.0577275345720246
"728",49,2500,"Huber_global",0.0270227062135588
"729",49,2500,"Huber_distr_dc",0.0268821488046807
"730",49,5000,"ols_global",0.0586802423231593
"731",49,5000,"Huber_global",0.0205124443406751
"732",49,5000,"Huber_distr_dc",0.0205173821688639
"733",49,10000,"ols_global",0.0525215267577075
"734",49,10000,"Huber_global",0.0209642936117582
"735",49,10000,"Huber_distr_dc",0.0209837424284025
"736",50,500,"ols_global",0.0703710495128695
"737",50,500,"Huber_global",0.0246985892495736
"738",50,500,"Huber_distr_dc",0.0403889121775007
"739",50,1000,"ols_global",0.0626254784989005
"740",50,1000,"Huber_global",0.026468930282767
"741",50,1000,"Huber_distr_dc",0.0320109861071835
"742",50,2500,"ols_global",0.0650796264354144
"743",50,2500,"Huber_global",0.02562338074817
"744",50,2500,"Huber_distr_dc",0.0258360753695688
"745",50,5000,"ols_global",0.066601681972135
"746",50,5000,"Huber_global",0.0242096718678396
"747",50,5000,"Huber_distr_dc",0.0243098888237237
"748",50,10000,"ols_global",0.0653518405712318
"749",50,10000,"Huber_global",0.0260581669644941
"750",50,10000,"Huber_distr_dc",0.0260882099733429
"751",51,500,"ols_global",0.0538467771178253
"752",51,500,"Huber_global",0.0217496427578515
"753",51,500,"Huber_distr_dc",0.0489537828840646
"754",51,1000,"ols_global",0.0658866662027221
"755",51,1000,"Huber_global",0.0255041535415553
"756",51,1000,"Huber_distr_dc",0.0295841222277877
"757",51,2500,"ols_global",0.0608727798866348
"758",51,2500,"Huber_global",0.0270022685031955
"759",51,2500,"Huber_distr_dc",0.0268644381595581
"760",51,5000,"ols_global",0.0506567805004132
"761",51,5000,"Huber_global",0.0250570139996804
"762",51,5000,"Huber_distr_dc",0.0250245006596485
"763",51,10000,"ols_global",0.0548387386758155
"764",51,10000,"Huber_global",0.0199249550330206
"765",51,10000,"Huber_distr_dc",0.0199271876571483
"766",52,500,"ols_global",0.0560326870322705
"767",52,500,"Huber_global",0.0247709654523892
"768",52,500,"Huber_distr_dc",0.0332541188399565
"769",52,1000,"ols_global",0.0633675344070601
"770",52,1000,"Huber_global",0.0266960458273228
"771",52,1000,"Huber_distr_dc",0.0319680714549825
"772",52,2500,"ols_global",0.0546250492216496
"773",52,2500,"Huber_global",0.0254698074445772
"774",52,2500,"Huber_distr_dc",0.0255821651041986
"775",52,5000,"ols_global",0.0598146729430539
"776",52,5000,"Huber_global",0.0203627353417008
"777",52,5000,"Huber_distr_dc",0.0202111023139506
"778",52,10000,"ols_global",0.0558950252678473
"779",52,10000,"Huber_global",0.0203212148168725
"780",52,10000,"Huber_distr_dc",0.0203734279210726
"781",53,500,"ols_global",0.0594426228497331
"782",53,500,"Huber_global",0.0225889088465245
"783",53,500,"Huber_distr_dc",0.0422828560045023
"784",53,1000,"ols_global",0.056362725682973
"785",53,1000,"Huber_global",0.0213050656034885
"786",53,1000,"Huber_distr_dc",0.025784066813605
"787",53,2500,"ols_global",0.0591308703712597
"788",53,2500,"Huber_global",0.0227099782123715
"789",53,2500,"Huber_distr_dc",0.0228789035921065
"790",53,5000,"ols_global",0.0568323483924202
"791",53,5000,"Huber_global",0.0230461285160219
"792",53,5000,"Huber_distr_dc",0.0229356327508852
"793",53,10000,"ols_global",0.0628038423948694
"794",53,10000,"Huber_global",0.0218502159478336
"795",53,10000,"Huber_distr_dc",0.0219089565440199
"796",54,500,"ols_global",0.0651403001630326
"797",54,500,"Huber_global",0.0293279468575684
"798",54,500,"Huber_distr_dc",0.0488122619728651
"799",54,1000,"ols_global",0.0648302578693642
"800",54,1000,"Huber_global",0.0259114932114352
"801",54,1000,"Huber_distr_dc",0.0265172421475665
"802",54,2500,"ols_global",0.0608775851977672
"803",54,2500,"Huber_global",0.0227254040570716
"804",54,2500,"Huber_distr_dc",0.0225994463678023
"805",54,5000,"ols_global",0.0578892417475185
"806",54,5000,"Huber_global",0.0218428321229173
"807",54,5000,"Huber_distr_dc",0.021895661049948
"808",54,10000,"ols_global",0.0536087968464861
"809",54,10000,"Huber_global",0.0218281997912231
"810",54,10000,"Huber_distr_dc",0.0218349207612504
"811",55,500,"ols_global",0.0590972053885994
"812",55,500,"Huber_global",0.0233260939709564
"813",55,500,"Huber_distr_dc",0.042166280454328
"814",55,1000,"ols_global",0.050595309125863
"815",55,1000,"Huber_global",0.0232798666019703
"816",55,1000,"Huber_distr_dc",0.0275688354625377
"817",55,2500,"ols_global",0.0630800413990634
"818",55,2500,"Huber_global",0.0222598377211878
"819",55,2500,"Huber_distr_dc",0.0224405698788137
"820",55,5000,"ols_global",0.0517839413666549
"821",55,5000,"Huber_global",0.0236877842116039
"822",55,5000,"Huber_distr_dc",0.0236438393557611
"823",55,10000,"ols_global",0.0567388221620079
"824",55,10000,"Huber_global",0.0239351606674791
"825",55,10000,"Huber_distr_dc",0.0240718871937474
"826",56,500,"ols_global",0.0613211498482345
"827",56,500,"Huber_global",0.0273861103321374
"828",56,500,"Huber_distr_dc",0.0515093385808867
"829",56,1000,"ols_global",0.0416815272093521
"830",56,1000,"Huber_global",0.0216153277394135
"831",56,1000,"Huber_distr_dc",0.0228339281916888
"832",56,2500,"ols_global",0.062389362987561
"833",56,2500,"Huber_global",0.0236743867057071
"834",56,2500,"Huber_distr_dc",0.0238806988223951
"835",56,5000,"ols_global",0.0585553859323366
"836",56,5000,"Huber_global",0.0236725219486978
"837",56,5000,"Huber_distr_dc",0.023804655427066
"838",56,10000,"ols_global",0.0605376324946426
"839",56,10000,"Huber_global",0.024375572945965
"840",56,10000,"Huber_distr_dc",0.0243691421055979
"841",57,500,"ols_global",0.0624086980836725
"842",57,500,"Huber_global",0.0253521569577724
"843",57,500,"Huber_distr_dc",0.052590017827802
"844",57,1000,"ols_global",0.0583291718935504
"845",57,1000,"Huber_global",0.0249565904340881
"846",57,1000,"Huber_distr_dc",0.0275962103654849
"847",57,2500,"ols_global",0.0579613376343391
"848",57,2500,"Huber_global",0.0236440052991793
"849",57,2500,"Huber_distr_dc",0.023751815756184
"850",57,5000,"ols_global",0.0553180844178529
"851",57,5000,"Huber_global",0.023915707735166
"852",57,5000,"Huber_distr_dc",0.0238998162694014
"853",57,10000,"ols_global",0.0597177932048756
"854",57,10000,"Huber_global",0.0182884080226816
"855",57,10000,"Huber_distr_dc",0.0182763272584317
"856",58,500,"ols_global",0.0571373956379388
"857",58,500,"Huber_global",0.0238808882815008
"858",58,500,"Huber_distr_dc",0.0685826294177009
"859",58,1000,"ols_global",0.0622938797902403
"860",58,1000,"Huber_global",0.0255616186895435
"861",58,1000,"Huber_distr_dc",0.0272623096647786
"862",58,2500,"ols_global",0.0645618520357427
"863",58,2500,"Huber_global",0.0218303351269546
"864",58,2500,"Huber_distr_dc",0.0216743524799748
"865",58,5000,"ols_global",0.0595687312969248
"866",58,5000,"Huber_global",0.0237358113170524
"867",58,5000,"Huber_distr_dc",0.0240322182274001
"868",58,10000,"ols_global",0.063763882128485
"869",58,10000,"Huber_global",0.0250535949611553
"870",58,10000,"Huber_distr_dc",0.0250055315908809
"871",59,500,"ols_global",0.0635078853823157
"872",59,500,"Huber_global",0.0253762012011402
"873",59,500,"Huber_distr_dc",0.0617984457041918
"874",59,1000,"ols_global",0.050315454466457
"875",59,1000,"Huber_global",0.0227695448807992
"876",59,1000,"Huber_distr_dc",0.0253626074383777
"877",59,2500,"ols_global",0.0578456581686471
"878",59,2500,"Huber_global",0.0195024921178579
"879",59,2500,"Huber_distr_dc",0.0194443048207895
"880",59,5000,"ols_global",0.0575030511421932
"881",59,5000,"Huber_global",0.0237645211836591
"882",59,5000,"Huber_distr_dc",0.0239686511735424
"883",59,10000,"ols_global",0.0596725528956811
"884",59,10000,"Huber_global",0.0172673323741637
"885",59,10000,"Huber_distr_dc",0.017265988077921
"886",60,500,"ols_global",0.0645570327703587
"887",60,500,"Huber_global",0.0278122498465979
"888",60,500,"Huber_distr_dc",0.051835810224252
"889",60,1000,"ols_global",0.0588205024049653
"890",60,1000,"Huber_global",0.0217280386598301
"891",60,1000,"Huber_distr_dc",0.0256715624602818
"892",60,2500,"ols_global",0.0558303535041819
"893",60,2500,"Huber_global",0.0176905547265629
"894",60,2500,"Huber_distr_dc",0.0177909722268584
"895",60,5000,"ols_global",0.0596599207537448
"896",60,5000,"Huber_global",0.0273041302392002
"897",60,5000,"Huber_distr_dc",0.0274579813922376
"898",60,10000,"ols_global",0.057614544954387
"899",60,10000,"Huber_global",0.0221013037625767
"900",60,10000,"Huber_distr_dc",0.0221611107177744
"901",61,500,"ols_global",0.0549575083036055
"902",61,500,"Huber_global",0.0253671904444558
"903",61,500,"Huber_distr_dc",0.0535873093012311
"904",61,1000,"ols_global",0.0579170377660717
"905",61,1000,"Huber_global",0.0257813090848376
"906",61,1000,"Huber_distr_dc",0.0360377501196581
"907",61,2500,"ols_global",0.0607199589918469
"908",61,2500,"Huber_global",0.0247707579285923
"909",61,2500,"Huber_distr_dc",0.0249679083083189
"910",61,5000,"ols_global",0.0702395406216122
"911",61,5000,"Huber_global",0.0251231827447904
"912",61,5000,"Huber_distr_dc",0.0253908392081828
"913",61,10000,"ols_global",0.0609967243208931
"914",61,10000,"Huber_global",0.0250488493690949
"915",61,10000,"Huber_distr_dc",0.0250686331023357
"916",62,500,"ols_global",0.0622888996602121
"917",62,500,"Huber_global",0.0275909682099105
"918",62,500,"Huber_distr_dc",0.0451289262239244
"919",62,1000,"ols_global",0.0666108692659824
"920",62,1000,"Huber_global",0.0258824683282861
"921",62,1000,"Huber_distr_dc",0.0285900313318147
"922",62,2500,"ols_global",0.056534826693093
"923",62,2500,"Huber_global",0.0245008514902297
"924",62,2500,"Huber_distr_dc",0.0247070661874418
"925",62,5000,"ols_global",0.0583377620941608
"926",62,5000,"Huber_global",0.0207499874899158
"927",62,5000,"Huber_distr_dc",0.0209026478553876
"928",62,10000,"ols_global",0.0609370921823321
"929",62,10000,"Huber_global",0.021801399384113
"930",62,10000,"Huber_distr_dc",0.0217630945048032
"931",63,500,"ols_global",0.0595298562184673
"932",63,500,"Huber_global",0.0253191269313512
"933",63,500,"Huber_distr_dc",0.0573416712895513
"934",63,1000,"ols_global",0.0593507260967992
"935",63,1000,"Huber_global",0.0256130399374037
"936",63,1000,"Huber_distr_dc",0.0277103515091191
"937",63,2500,"ols_global",0.0539278966474373
"938",63,2500,"Huber_global",0.0186437572639446
"939",63,2500,"Huber_distr_dc",0.0188339943999328
"940",63,5000,"ols_global",0.0532787345368048
"941",63,5000,"Huber_global",0.0262102684843314
"942",63,5000,"Huber_distr_dc",0.0262436099241962
"943",63,10000,"ols_global",0.0563820491956558
"944",63,10000,"Huber_global",0.0244692233485492
"945",63,10000,"Huber_distr_dc",0.024540176481413
"946",64,500,"ols_global",0.0501421519675586
"947",64,500,"Huber_global",0.0215080477515466
"948",64,500,"Huber_distr_dc",0.0523463103354875
"949",64,1000,"ols_global",0.0616798768557136
"950",64,1000,"Huber_global",0.0234343775722163
"951",64,1000,"Huber_distr_dc",0.0221035067642428
"952",64,2500,"ols_global",0.0674239324990212
"953",64,2500,"Huber_global",0.0215485711817613
"954",64,2500,"Huber_distr_dc",0.0214587716816062
"955",64,5000,"ols_global",0.0605746126854471
"956",64,5000,"Huber_global",0.022193297608428
"957",64,5000,"Huber_distr_dc",0.0221880127598831
"958",64,10000,"ols_global",0.0535967805817323
"959",64,10000,"Huber_global",0.0207945021805985
"960",64,10000,"Huber_distr_dc",0.0208024514562526
"961",65,500,"ols_global",0.0576342274096227
"962",65,500,"Huber_global",0.0252752816947636
"963",65,500,"Huber_distr_dc",0.0766975094269308
"964",65,1000,"ols_global",0.0621075885559763
"965",65,1000,"Huber_global",0.0253907061216097
"966",65,1000,"Huber_distr_dc",0.0254101068026435
"967",65,2500,"ols_global",0.0677948858940052
"968",65,2500,"Huber_global",0.026526703274455
"969",65,2500,"Huber_distr_dc",0.0265079199884954
"970",65,5000,"ols_global",0.0739678891679156
"971",65,5000,"Huber_global",0.0242717357308573
"972",65,5000,"Huber_distr_dc",0.0242941941260881
"973",65,10000,"ols_global",0.062846761468246
"974",65,10000,"Huber_global",0.0235555140412285
"975",65,10000,"Huber_distr_dc",0.0237327578048773
"976",66,500,"ols_global",0.052313428874144
"977",66,500,"Huber_global",0.0220217770310656
"978",66,500,"Huber_distr_dc",0.0499123784428762
"979",66,1000,"ols_global",0.051704378437869
"980",66,1000,"Huber_global",0.0226497256527815
"981",66,1000,"Huber_distr_dc",0.0272437501480357
"982",66,2500,"ols_global",0.0628630621301068
"983",66,2500,"Huber_global",0.0238992456314574
"984",66,2500,"Huber_distr_dc",0.0238751741598277
"985",66,5000,"ols_global",0.0571623417896324
"986",66,5000,"Huber_global",0.0274415528756405
"987",66,5000,"Huber_distr_dc",0.0271701691353433
"988",66,10000,"ols_global",0.0599279872036509
"989",66,10000,"Huber_global",0.0231215240870578
"990",66,10000,"Huber_distr_dc",0.0231403614852547
"991",67,500,"ols_global",0.0569175351850062
"992",67,500,"Huber_global",0.02267774746703
"993",67,500,"Huber_distr_dc",0.0481855276062426
"994",67,1000,"ols_global",0.0566008779431035
"995",67,1000,"Huber_global",0.0225389354874016
"996",67,1000,"Huber_distr_dc",0.0226484168373696
"997",67,2500,"ols_global",0.057724764108287
"998",67,2500,"Huber_global",0.0226743301336442
"999",67,2500,"Huber_distr_dc",0.0225097439985015
"1000",67,5000,"ols_global",0.0565786000140731
"1001",67,5000,"Huber_global",0.0213811744414772
"1002",67,5000,"Huber_distr_dc",0.0213564353700709
"1003",67,10000,"ols_global",0.0489118257481617
"1004",67,10000,"Huber_global",0.0227992717996207
"1005",67,10000,"Huber_distr_dc",0.0227968502841218
"1006",68,500,"ols_global",0.0636617807803075
"1007",68,500,"Huber_global",0.0206034266096267
"1008",68,500,"Huber_distr_dc",0.0425571380152872
"1009",68,1000,"ols_global",0.0570202095420934
"1010",68,1000,"Huber_global",0.023645264278113
"1011",68,1000,"Huber_distr_dc",0.0269067745358855
"1012",68,2500,"ols_global",0.0717240411144792
"1013",68,2500,"Huber_global",0.0276256117573734
"1014",68,2500,"Huber_distr_dc",0.0275950114334303
"1015",68,5000,"ols_global",0.0647051882367665
"1016",68,5000,"Huber_global",0.0261976271074192
"1017",68,5000,"Huber_distr_dc",0.0263762941671993
"1018",68,10000,"ols_global",0.0523516247750261
"1019",68,10000,"Huber_global",0.0216451469314516
"1020",68,10000,"Huber_distr_dc",0.021676235261279
"1021",69,500,"ols_global",0.0570602489965401
"1022",69,500,"Huber_global",0.0212455701706935
"1023",69,500,"Huber_distr_dc",0.0572248037462714
"1024",69,1000,"ols_global",0.0513371436548901
"1025",69,1000,"Huber_global",0.024568294313491
"1026",69,1000,"Huber_distr_dc",0.0276932414581756
"1027",69,2500,"ols_global",0.0586463666293841
"1028",69,2500,"Huber_global",0.0264137112341033
"1029",69,2500,"Huber_distr_dc",0.0264479512060375
"1030",69,5000,"ols_global",0.0534941375675279
"1031",69,5000,"Huber_global",0.0251854753443689
"1032",69,5000,"Huber_distr_dc",0.0253628907355231
"1033",69,10000,"ols_global",0.055160392331559
"1034",69,10000,"Huber_global",0.0276618346655648
"1035",69,10000,"Huber_distr_dc",0.0277123908206079
"1036",70,500,"ols_global",0.0675357093726332
"1037",70,500,"Huber_global",0.0274895406774489
"1038",70,500,"Huber_distr_dc",0.0618695274513757
"1039",70,1000,"ols_global",0.0535333667007682
"1040",70,1000,"Huber_global",0.0272221057420257
"1041",70,1000,"Huber_distr_dc",0.0326755899291835
"1042",70,2500,"ols_global",0.0607300893548334
"1043",70,2500,"Huber_global",0.0262250270664166
"1044",70,2500,"Huber_distr_dc",0.0261548556801076
"1045",70,5000,"ols_global",0.0703302533387396
"1046",70,5000,"Huber_global",0.0251892922778944
"1047",70,5000,"Huber_distr_dc",0.0252168486513759
"1048",70,10000,"ols_global",0.0565962126549535
"1049",70,10000,"Huber_global",0.0223908280288505
"1050",70,10000,"Huber_distr_dc",0.0224863539528779
"1051",71,500,"ols_global",0.053180959197409
"1052",71,500,"Huber_global",0.0274517891066602
"1053",71,500,"Huber_distr_dc",0.0544498459744079
"1054",71,1000,"ols_global",0.0619236405123974
"1055",71,1000,"Huber_global",0.0246119247807868
"1056",71,1000,"Huber_distr_dc",0.0321819949954308
"1057",71,2500,"ols_global",0.062020155297053
"1058",71,2500,"Huber_global",0.0240625689617563
"1059",71,2500,"Huber_distr_dc",0.0238453103872591
"1060",71,5000,"ols_global",0.0696304357452315
"1061",71,5000,"Huber_global",0.0228527759105753
"1062",71,5000,"Huber_distr_dc",0.022866605262494
"1063",71,10000,"ols_global",0.0679897134844287
"1064",71,10000,"Huber_global",0.0209777670964383
"1065",71,10000,"Huber_distr_dc",0.0209736005799844
"1066",72,500,"ols_global",0.0636805479617312
"1067",72,500,"Huber_global",0.0251418821967628
"1068",72,500,"Huber_distr_dc",0.0471510414717421
"1069",72,1000,"ols_global",0.0620110503353069
"1070",72,1000,"Huber_global",0.0223502660230188
"1071",72,1000,"Huber_distr_dc",0.0249375143828707
"1072",72,2500,"ols_global",0.0544671160426754
"1073",72,2500,"Huber_global",0.0261467206709597
"1074",72,2500,"Huber_distr_dc",0.0261622891352132
"1075",72,5000,"ols_global",0.0509571488415334
"1076",72,5000,"Huber_global",0.0238562409003125
"1077",72,5000,"Huber_distr_dc",0.0239121922487438
"1078",72,10000,"ols_global",0.0561461031844541
"1079",72,10000,"Huber_global",0.0185454933019841
"1080",72,10000,"Huber_distr_dc",0.018533750079705
"1081",73,500,"ols_global",0.0602679961651841
"1082",73,500,"Huber_global",0.0260901620572801
"1083",73,500,"Huber_distr_dc",0.0544403047386312
"1084",73,1000,"ols_global",0.0653122418777484
"1085",73,1000,"Huber_global",0.0284967320949448
"1086",73,1000,"Huber_distr_dc",0.0313016752590846
"1087",73,2500,"ols_global",0.0634857650445945
"1088",73,2500,"Huber_global",0.0215474318467592
"1089",73,2500,"Huber_distr_dc",0.0216286841338385
"1090",73,5000,"ols_global",0.0540893453345224
"1091",73,5000,"Huber_global",0.0236503259460536
"1092",73,5000,"Huber_distr_dc",0.0234930568575833
"1093",73,10000,"ols_global",0.0495456246017788
"1094",73,10000,"Huber_global",0.02421680069073
"1095",73,10000,"Huber_distr_dc",0.0242506883822297
"1096",74,500,"ols_global",0.0659002443111214
"1097",74,500,"Huber_global",0.0273551951861752
"1098",74,500,"Huber_distr_dc",0.0439437841084609
"1099",74,1000,"ols_global",0.0715855235768623
"1100",74,1000,"Huber_global",0.0258418414604163
"1101",74,1000,"Huber_distr_dc",0.0271986329809213
"1102",74,2500,"ols_global",0.0566197611502802
"1103",74,2500,"Huber_global",0.0247340345099292
"1104",74,2500,"Huber_distr_dc",0.0248823727788647
"1105",74,5000,"ols_global",0.0538942282316338
"1106",74,5000,"Huber_global",0.0248912526805924
"1107",74,5000,"Huber_distr_dc",0.0248615987545204
"1108",74,10000,"ols_global",0.0501514093184578
"1109",74,10000,"Huber_global",0.0250676008387688
"1110",74,10000,"Huber_distr_dc",0.0251447500220524
"1111",75,500,"ols_global",0.0665513145949718
"1112",75,500,"Huber_global",0.0210650506096198
"1113",75,500,"Huber_distr_dc",0.0516286959380589
"1114",75,1000,"ols_global",0.0528729501558014
"1115",75,1000,"Huber_global",0.0203001435991262
"1116",75,1000,"Huber_distr_dc",0.02114845733607
"1117",75,2500,"ols_global",0.0575188780823693
"1118",75,2500,"Huber_global",0.0221937909410853
"1119",75,2500,"Huber_distr_dc",0.022277455275035
"1120",75,5000,"ols_global",0.0641624406003008
"1121",75,5000,"Huber_global",0.0221003614715947
"1122",75,5000,"Huber_distr_dc",0.0221762704640935
"1123",75,10000,"ols_global",0.0593250586720265
"1124",75,10000,"Huber_global",0.0238707644045268
"1125",75,10000,"Huber_distr_dc",0.0238868137088987
"1126",76,500,"ols_global",0.0621075382715894
"1127",76,500,"Huber_global",0.0214798150685224
"1128",76,500,"Huber_distr_dc",0.0390463123571789
"1129",76,1000,"ols_global",0.0623534784351243
"1130",76,1000,"Huber_global",0.0265424715851129
"1131",76,1000,"Huber_distr_dc",0.0275300118661326
"1132",76,2500,"ols_global",0.0502854707361646
"1133",76,2500,"Huber_global",0.0235150565475449
"1134",76,2500,"Huber_distr_dc",0.0235498119370415
"1135",76,5000,"ols_global",0.0705186826768236
"1136",76,5000,"Huber_global",0.0243863506683417
"1137",76,5000,"Huber_distr_dc",0.0244012730036595
"1138",76,10000,"ols_global",0.0560533510092174
"1139",76,10000,"Huber_global",0.0213281545094918
"1140",76,10000,"Huber_distr_dc",0.0213450283622383
"1141",77,500,"ols_global",0.0528134481529911
"1142",77,500,"Huber_global",0.0209711711248578
"1143",77,500,"Huber_distr_dc",0.0442745076670525
"1144",77,1000,"ols_global",0.0658609035250292
"1145",77,1000,"Huber_global",0.0239747993419537
"1146",77,1000,"Huber_distr_dc",0.0246678324933576
"1147",77,2500,"ols_global",0.0478893235616217
"1148",77,2500,"Huber_global",0.0205896484580154
"1149",77,2500,"Huber_distr_dc",0.0206712848299496
"1150",77,5000,"ols_global",0.0635500839485337
"1151",77,5000,"Huber_global",0.0214978138346733
"1152",77,5000,"Huber_distr_dc",0.0215342084308731
"1153",77,10000,"ols_global",0.070788296404049
"1154",77,10000,"Huber_global",0.0292111337921293
"1155",77,10000,"Huber_distr_dc",0.0291775199523077
"1156",78,500,"ols_global",0.0559515820783499
"1157",78,500,"Huber_global",0.0234243270162432
"1158",78,500,"Huber_distr_dc",0.0540618183587846
"1159",78,1000,"ols_global",0.0600467397214578
"1160",78,1000,"Huber_global",0.0225915465912482
"1161",78,1000,"Huber_distr_dc",0.0289206038831607
"1162",78,2500,"ols_global",0.0512559136617359
"1163",78,2500,"Huber_global",0.0230730936167653
"1164",78,2500,"Huber_distr_dc",0.0233044310418403
"1165",78,5000,"ols_global",0.0610426633466174
"1166",78,5000,"Huber_global",0.021795659763836
"1167",78,5000,"Huber_distr_dc",0.0217295500171311
"1168",78,10000,"ols_global",0.0618366130591157
"1169",78,10000,"Huber_global",0.0257133907455218
"1170",78,10000,"Huber_distr_dc",0.0257254912925882
"1171",79,500,"ols_global",0.0655507978478859
"1172",79,500,"Huber_global",0.0228909291116295
"1173",79,500,"Huber_distr_dc",0.0547385743776737
"1174",79,1000,"ols_global",0.0517179694066631
"1175",79,1000,"Huber_global",0.0211417215270657
"1176",79,1000,"Huber_distr_dc",0.0323636440040825
"1177",79,2500,"ols_global",0.0628397947791598
"1178",79,2500,"Huber_global",0.0234672606083745
"1179",79,2500,"Huber_distr_dc",0.0234683289454221
"1180",79,5000,"ols_global",0.0654936374622225
"1181",79,5000,"Huber_global",0.0282552878637367
"1182",79,5000,"Huber_distr_dc",0.0283465588282873
"1183",79,10000,"ols_global",0.0632954962432486
"1184",79,10000,"Huber_global",0.0218328256136977
"1185",79,10000,"Huber_distr_dc",0.0218412756899209
"1186",80,500,"ols_global",0.0630370527060681
"1187",80,500,"Huber_global",0.0281669073821674
"1188",80,500,"Huber_distr_dc",0.0528904767226265
"1189",80,1000,"ols_global",0.0578252646011567
"1190",80,1000,"Huber_global",0.0213382199551331
"1191",80,1000,"Huber_distr_dc",0.0228800570924361
"1192",80,2500,"ols_global",0.0588189659406299
"1193",80,2500,"Huber_global",0.0240063005900497
"1194",80,2500,"Huber_distr_dc",0.0240949036682533
"1195",80,5000,"ols_global",0.0508207308518779
"1196",80,5000,"Huber_global",0.0203568254826933
"1197",80,5000,"Huber_distr_dc",0.0203766609509035
"1198",80,10000,"ols_global",0.0686942346627325
"1199",80,10000,"Huber_global",0.0261733428411567
"1200",80,10000,"Huber_distr_dc",0.0262028541151428
"1201",81,500,"ols_global",0.0654179748897038
"1202",81,500,"Huber_global",0.0232734776338321
"1203",81,500,"Huber_distr_dc",0.0526999814585979
"1204",81,1000,"ols_global",0.0452205603624612
"1205",81,1000,"Huber_global",0.0217463789260095
"1206",81,1000,"Huber_distr_dc",0.0241979468846498
"1207",81,2500,"ols_global",0.0551293826267706
"1208",81,2500,"Huber_global",0.0202355882520344
"1209",81,2500,"Huber_distr_dc",0.0202949831170142
"1210",81,5000,"ols_global",0.0566102539271828
"1211",81,5000,"Huber_global",0.0246227803293391
"1212",81,5000,"Huber_distr_dc",0.0246080087288251
"1213",81,10000,"ols_global",0.0596200599790481
"1214",81,10000,"Huber_global",0.0256887990703243
"1215",81,10000,"Huber_distr_dc",0.0258746389332441
"1216",82,500,"ols_global",0.067937074218065
"1217",82,500,"Huber_global",0.0246344092630402
"1218",82,500,"Huber_distr_dc",0.0456179097449281
"1219",82,1000,"ols_global",0.063408861291386
"1220",82,1000,"Huber_global",0.0255920647278569
"1221",82,1000,"Huber_distr_dc",0.0304863171492146
"1222",82,2500,"ols_global",0.0613955751436782
"1223",82,2500,"Huber_global",0.0241946566586226
"1224",82,2500,"Huber_distr_dc",0.0242898562915582
"1225",82,5000,"ols_global",0.0607152341865309
"1226",82,5000,"Huber_global",0.0234765729868463
"1227",82,5000,"Huber_distr_dc",0.0235998823072068
"1228",82,10000,"ols_global",0.0559485313126639
"1229",82,10000,"Huber_global",0.0237192857472623
"1230",82,10000,"Huber_distr_dc",0.0237851548231459
"1231",83,500,"ols_global",0.0571393698601256
"1232",83,500,"Huber_global",0.0187752682362573
"1233",83,500,"Huber_distr_dc",0.0527432310251694
"1234",83,1000,"ols_global",0.0586058275381503
"1235",83,1000,"Huber_global",0.0199267725364563
"1236",83,1000,"Huber_distr_dc",0.0234571118646383
"1237",83,2500,"ols_global",0.0640368771734539
"1238",83,2500,"Huber_global",0.0239679387648729
"1239",83,2500,"Huber_distr_dc",0.023990010822582
"1240",83,5000,"ols_global",0.0557443257682008
"1241",83,5000,"Huber_global",0.020509585864263
"1242",83,5000,"Huber_distr_dc",0.0206736111919807
"1243",83,10000,"ols_global",0.057689080200962
"1244",83,10000,"Huber_global",0.0216996668550531
"1245",83,10000,"Huber_distr_dc",0.0217146185602104
"1246",84,500,"ols_global",0.0603614367880115
"1247",84,500,"Huber_global",0.0248581818276362
"1248",84,500,"Huber_distr_dc",0.0435182653488502
"1249",84,1000,"ols_global",0.0616807295887424
"1250",84,1000,"Huber_global",0.0285847853438688
"1251",84,1000,"Huber_distr_dc",0.03056148437601
"1252",84,2500,"ols_global",0.0555474767459017
"1253",84,2500,"Huber_global",0.025909641361403
"1254",84,2500,"Huber_distr_dc",0.0260972742086267
"1255",84,5000,"ols_global",0.0693317822041555
"1256",84,5000,"Huber_global",0.0246420698822758
"1257",84,5000,"Huber_distr_dc",0.0249436328988407
"1258",84,10000,"ols_global",0.0661514015154217
"1259",84,10000,"Huber_global",0.0200746992883687
"1260",84,10000,"Huber_distr_dc",0.0201370063305051
"1261",85,500,"ols_global",0.0611313070853375
"1262",85,500,"Huber_global",0.023480831873293
"1263",85,500,"Huber_distr_dc",0.0452470553861479
"1264",85,1000,"ols_global",0.0648816294362107
"1265",85,1000,"Huber_global",0.0268165231085529
"1266",85,1000,"Huber_distr_dc",0.0271482025967988
"1267",85,2500,"ols_global",0.0628384208159224
"1268",85,2500,"Huber_global",0.0261270564559471
"1269",85,2500,"Huber_distr_dc",0.0264033855137613
"1270",85,5000,"ols_global",0.0505081155778084
"1271",85,5000,"Huber_global",0.0227752681189972
"1272",85,5000,"Huber_distr_dc",0.0226985652744156
"1273",85,10000,"ols_global",0.072296125561122
"1274",85,10000,"Huber_global",0.0247701718008909
"1275",85,10000,"Huber_distr_dc",0.0247354623242121
"1276",86,500,"ols_global",0.0652137189058448
"1277",86,500,"Huber_global",0.0230424701044565
"1278",86,500,"Huber_distr_dc",0.0413882783132565
"1279",86,1000,"ols_global",0.0677813825534892
"1280",86,1000,"Huber_global",0.0212039751362376
"1281",86,1000,"Huber_distr_dc",0.022424671769442
"1282",86,2500,"ols_global",0.0705261534256523
"1283",86,2500,"Huber_global",0.0234448872828336
"1284",86,2500,"Huber_distr_dc",0.0232090682249629
"1285",86,5000,"ols_global",0.0644412868305082
"1286",86,5000,"Huber_global",0.0267891850533114
"1287",86,5000,"Huber_distr_dc",0.0267286957892568
"1288",86,10000,"ols_global",0.0504508240330067
"1289",86,10000,"Huber_global",0.0213283444306005
"1290",86,10000,"Huber_distr_dc",0.0213139348348269
"1291",87,500,"ols_global",0.0640331097005813
"1292",87,500,"Huber_global",0.0278826057963581
"1293",87,500,"Huber_distr_dc",0.0563919307651737
"1294",87,1000,"ols_global",0.0653906545430987
"1295",87,1000,"Huber_global",0.0204641181913453
"1296",87,1000,"Huber_distr_dc",0.0250113668864396
"1297",87,2500,"ols_global",0.0541998758050875
"1298",87,2500,"Huber_global",0.0198670960935774
"1299",87,2500,"Huber_distr_dc",0.0198737209935564
"1300",87,5000,"ols_global",0.0591144076735776
"1301",87,5000,"Huber_global",0.0230853977146443
"1302",87,5000,"Huber_distr_dc",0.0230082342098466
"1303",87,10000,"ols_global",0.0498965426937349
"1304",87,10000,"Huber_global",0.0202768721542405
"1305",87,10000,"Huber_distr_dc",0.0203307634283054
"1306",88,500,"ols_global",0.0534462488346242
"1307",88,500,"Huber_global",0.026415996669948
"1308",88,500,"Huber_distr_dc",0.0462310108008758
"1309",88,1000,"ols_global",0.0572455246371384
"1310",88,1000,"Huber_global",0.0204498530324179
"1311",88,1000,"Huber_distr_dc",0.0200633845447698
"1312",88,2500,"ols_global",0.0589259400534502
"1313",88,2500,"Huber_global",0.0234848054362889
"1314",88,2500,"Huber_distr_dc",0.0236973781647232
"1315",88,5000,"ols_global",0.0563452274671255
"1316",88,5000,"Huber_global",0.0221120134690912
"1317",88,5000,"Huber_distr_dc",0.0222522851096288
"1318",88,10000,"ols_global",0.0621923925069895
"1319",88,10000,"Huber_global",0.0237652003331938
"1320",88,10000,"Huber_distr_dc",0.0237741338072706
"1321",89,500,"ols_global",0.0570743147056232
"1322",89,500,"Huber_global",0.023444946037039
"1323",89,500,"Huber_distr_dc",0.0555711246677472
"1324",89,1000,"ols_global",0.0583353371277478
"1325",89,1000,"Huber_global",0.02886095474647
"1326",89,1000,"Huber_distr_dc",0.0315184538861919
"1327",89,2500,"ols_global",0.0552678810214784
"1328",89,2500,"Huber_global",0.0203432234934998
"1329",89,2500,"Huber_distr_dc",0.0205708713490589
"1330",89,5000,"ols_global",0.0576454947323053
"1331",89,5000,"Huber_global",0.0209948169768307
"1332",89,5000,"Huber_distr_dc",0.0210237258176199
"1333",89,10000,"ols_global",0.0598210307563745
"1334",89,10000,"Huber_global",0.0228273427170483
"1335",89,10000,"Huber_distr_dc",0.0228032162064677
"1336",90,500,"ols_global",0.0648025229473177
"1337",90,500,"Huber_global",0.0255646572504935
"1338",90,500,"Huber_distr_dc",0.0591291752121831
"1339",90,1000,"ols_global",0.0525542829238802
"1340",90,1000,"Huber_global",0.0256944435883805
"1341",90,1000,"Huber_distr_dc",0.0278072873203425
"1342",90,2500,"ols_global",0.0526486042876108
"1343",90,2500,"Huber_global",0.0196911429869303
"1344",90,2500,"Huber_distr_dc",0.0197216577726215
"1345",90,5000,"ols_global",0.0589049064321243
"1346",90,5000,"Huber_global",0.0223743621289183
"1347",90,5000,"Huber_distr_dc",0.022324460880944
"1348",90,10000,"ols_global",0.0664373301365439
"1349",90,10000,"Huber_global",0.0301032518930169
"1350",90,10000,"Huber_distr_dc",0.0300495970358095
"1351",91,500,"ols_global",0.0598375347055336
"1352",91,500,"Huber_global",0.0251830707763146
"1353",91,500,"Huber_distr_dc",0.0398900080205568
"1354",91,1000,"ols_global",0.0509791860095072
"1355",91,1000,"Huber_global",0.021195492919035
"1356",91,1000,"Huber_distr_dc",0.0271911275024327
"1357",91,2500,"ols_global",0.0562735507509871
"1358",91,2500,"Huber_global",0.0212421818842209
"1359",91,2500,"Huber_distr_dc",0.0212962016404317
"1360",91,5000,"ols_global",0.055895021034511
"1361",91,5000,"Huber_global",0.0199499970171435
"1362",91,5000,"Huber_distr_dc",0.0199231589165722
"1363",91,10000,"ols_global",0.0577936253877119
"1364",91,10000,"Huber_global",0.0228487223814345
"1365",91,10000,"Huber_distr_dc",0.0228372977551477
"1366",92,500,"ols_global",0.0561285735221059
"1367",92,500,"Huber_global",0.0240453861352494
"1368",92,500,"Huber_distr_dc",0.0535241607629453
"1369",92,1000,"ols_global",0.0640272416895005
"1370",92,1000,"Huber_global",0.0273835441000906
"1371",92,1000,"Huber_distr_dc",0.0307717601597579
"1372",92,2500,"ols_global",0.0570107507639582
"1373",92,2500,"Huber_global",0.0214924516485353
"1374",92,2500,"Huber_distr_dc",0.0213894849368707
"1375",92,5000,"ols_global",0.053850668864821
"1376",92,5000,"Huber_global",0.022051119636374
"1377",92,5000,"Huber_distr_dc",0.0220106206047449
"1378",92,10000,"ols_global",0.0488494589432648
"1379",92,10000,"Huber_global",0.0220095928016594
"1380",92,10000,"Huber_distr_dc",0.0221462870596159
"1381",93,500,"ols_global",0.0573037091519931
"1382",93,500,"Huber_global",0.0242982319633933
"1383",93,500,"Huber_distr_dc",0.0561097289004107
"1384",93,1000,"ols_global",0.0588364930634779
"1385",93,1000,"Huber_global",0.0216535323009066
"1386",93,1000,"Huber_distr_dc",0.0250896840144831
"1387",93,2500,"ols_global",0.059928596199741
"1388",93,2500,"Huber_global",0.0217739933725357
"1389",93,2500,"Huber_distr_dc",0.0218305841615188
"1390",93,5000,"ols_global",0.0486113558164057
"1391",93,5000,"Huber_global",0.0210800585011104
"1392",93,5000,"Huber_distr_dc",0.0211927325344154
"1393",93,10000,"ols_global",0.0670427915411919
"1394",93,10000,"Huber_global",0.0234012673116296
"1395",93,10000,"Huber_distr_dc",0.0234391115910925
"1396",94,500,"ols_global",0.0601904192020874
"1397",94,500,"Huber_global",0.0239741872261958
"1398",94,500,"Huber_distr_dc",0.0585072339038168
"1399",94,1000,"ols_global",0.0592590572509816
"1400",94,1000,"Huber_global",0.0212884156455848
"1401",94,1000,"Huber_distr_dc",0.0236296457934105
"1402",94,2500,"ols_global",0.055276565157732
"1403",94,2500,"Huber_global",0.0229418747431732
"1404",94,2500,"Huber_distr_dc",0.023069099704048
"1405",94,5000,"ols_global",0.0560726918184196
"1406",94,5000,"Huber_global",0.0222418278917595
"1407",94,5000,"Huber_distr_dc",0.0221253138724567
"1408",94,10000,"ols_global",0.0625925543610847
"1409",94,10000,"Huber_global",0.024318299788893
"1410",94,10000,"Huber_distr_dc",0.0242953571664225
"1411",95,500,"ols_global",0.0576458107109743
"1412",95,500,"Huber_global",0.0213776444962261
"1413",95,500,"Huber_distr_dc",0.046328162218009
"1414",95,1000,"ols_global",0.0559732928559596
"1415",95,1000,"Huber_global",0.0264888728442931
"1416",95,1000,"Huber_distr_dc",0.0259827552083078
"1417",95,2500,"ols_global",0.0538231358023911
"1418",95,2500,"Huber_global",0.0243083432020597
"1419",95,2500,"Huber_distr_dc",0.0242926321918815
"1420",95,5000,"ols_global",0.0604074805274206
"1421",95,5000,"Huber_global",0.0213132649568045
"1422",95,5000,"Huber_distr_dc",0.0213005824028459
"1423",95,10000,"ols_global",0.0642056611225944
"1424",95,10000,"Huber_global",0.028361861079659
"1425",95,10000,"Huber_distr_dc",0.0283069107641683
"1426",96,500,"ols_global",0.0542412015832733
"1427",96,500,"Huber_global",0.0230244942762755
"1428",96,500,"Huber_distr_dc",0.0590589733305188
"1429",96,1000,"ols_global",0.0454714043634385
"1430",96,1000,"Huber_global",0.0200105465661424
"1431",96,1000,"Huber_distr_dc",0.0219387223759262
"1432",96,2500,"ols_global",0.0634574753357773
"1433",96,2500,"Huber_global",0.0226613715580165
"1434",96,2500,"Huber_distr_dc",0.0229120918537356
"1435",96,5000,"ols_global",0.0539024527190841
"1436",96,5000,"Huber_global",0.0208653669994594
"1437",96,5000,"Huber_distr_dc",0.020990464109661
"1438",96,10000,"ols_global",0.0531768316090377
"1439",96,10000,"Huber_global",0.0197306502196347
"1440",96,10000,"Huber_distr_dc",0.019711321671607
"1441",97,500,"ols_global",0.0556253542313111
"1442",97,500,"Huber_global",0.0185041940431044
"1443",97,500,"Huber_distr_dc",0.0452500524497699
"1444",97,1000,"ols_global",0.0558214063893313
"1445",97,1000,"Huber_global",0.0266213822966526
"1446",97,1000,"Huber_distr_dc",0.0300538696606866
"1447",97,2500,"ols_global",0.0638306640967976
"1448",97,2500,"Huber_global",0.0215066055594426
"1449",97,2500,"Huber_distr_dc",0.0217756204267125
"1450",97,5000,"ols_global",0.0527589300463778
"1451",97,5000,"Huber_global",0.0244109341315633
"1452",97,5000,"Huber_distr_dc",0.0242908087048074
"1453",97,10000,"ols_global",0.0652685376525783
"1454",97,10000,"Huber_global",0.0233561086955714
"1455",97,10000,"Huber_distr_dc",0.0233802317800187
"1456",98,500,"ols_global",0.0530098439540699
"1457",98,500,"Huber_global",0.0254782256525323
"1458",98,500,"Huber_distr_dc",0.0474999563843673
"1459",98,1000,"ols_global",0.060168852842955
"1460",98,1000,"Huber_global",0.0228741524305001
"1461",98,1000,"Huber_distr_dc",0.0234132975167806
"1462",98,2500,"ols_global",0.0655185810062683
"1463",98,2500,"Huber_global",0.0241135506211983
"1464",98,2500,"Huber_distr_dc",0.0241747980396089
"1465",98,5000,"ols_global",0.0521791964292858
"1466",98,5000,"Huber_global",0.0233026604733137
"1467",98,5000,"Huber_distr_dc",0.0231349178929309
"1468",98,10000,"ols_global",0.060944266883179
"1469",98,10000,"Huber_global",0.0219377578616039
"1470",98,10000,"Huber_distr_dc",0.0220166288951084
"1471",99,500,"ols_global",0.0681430621471016
"1472",99,500,"Huber_global",0.0248924539459954
"1473",99,500,"Huber_distr_dc",0.0494271052105585
"1474",99,1000,"ols_global",0.0628306375250064
"1475",99,1000,"Huber_global",0.0272138525343179
"1476",99,1000,"Huber_distr_dc",0.0377910119398039
"1477",99,2500,"ols_global",0.0579417942377869
"1478",99,2500,"Huber_global",0.0228529436004764
"1479",99,2500,"Huber_distr_dc",0.0229895094473614
"1480",99,5000,"ols_global",0.0542801003862191
"1481",99,5000,"Huber_global",0.0257616120057374
"1482",99,5000,"Huber_distr_dc",0.0257506323461384
"1483",99,10000,"ols_global",0.0601474365968296
"1484",99,10000,"Huber_global",0.0224259320123874
"1485",99,10000,"Huber_distr_dc",0.0224007927660136
"1486",100,500,"ols_global",0.0628949785372189
"1487",100,500,"Huber_global",0.0270252869458472
"1488",100,500,"Huber_distr_dc",0.06102948248488
"1489",100,1000,"ols_global",0.0541958690348973
"1490",100,1000,"Huber_global",0.0258297516810975
"1491",100,1000,"Huber_distr_dc",0.0283899956662855
"1492",100,2500,"ols_global",0.0553599294755798
"1493",100,2500,"Huber_global",0.0248785011227147
"1494",100,2500,"Huber_distr_dc",0.0247957472505422
"1495",100,5000,"ols_global",0.0579420410370786
"1496",100,5000,"Huber_global",0.0216786033902707
"1497",100,5000,"Huber_distr_dc",0.0216785888412753
"1498",100,10000,"ols_global",0.0672828374927165
"1499",100,10000,"Huber_global",0.0248341069232037
"1500",100,10000,"Huber_distr_dc",0.0248462929473158
